<?xml version="1.0" encoding="utf-8"?>
<SharedProductData xmlns:xsi="http://www.w3.org/2001/XMLSchema-instance" xmlns:xsd="http://www.w3.org/2001/XMLSchema">
  <ReleaseDescriptorNoSpaces>XeroxWorkCentre78XX</ReleaseDescriptorNoSpaces>
  <ReleaseDescriptorWithSpaces>Xerox WorkCentre 7855/7845/7835/7830</ReleaseDescriptorWithSpaces>
  <RecommendedPdl>PS</RecommendedPdl>
  <V4DriverPDL>XPS</V4DriverPDL>
  <V4DriverPDL>PS</V4DriverPDL>
  <V4DriverPDL>PCL6</V4DriverPDL>
  <WebLinkModelId>WC78XX</WebLinkModelId>
  <CWISColorLevelsLink>http://{0}/status/consumables.php</CWISColorLevelsLink>
  <CWISPaperLevelsLink>http://{0}/status/trays.php</CWISPaperLevelsLink>
  <DefaultRegistrationModel>WC78XX</DefaultRegistrationModel>
  <capabilities>
    <ControllerFamily>DISCOVERY</ControllerFamily>
    <ControllerFamilyVersion>2.0</ControllerFamilyVersion>
    <!-- Microsoft's Auto-Config requires firmware update to D2.1 (e.g. SMP-1) or later. -->
    <MicrosoftWsdMonAutoConfig>SupportedPostLaunch</MicrosoftWsdMonAutoConfig>
    <MicrosoftTcpMonAutoConfig>SupportedPostLaunch</MicrosoftTcpMonAutoConfig>
    <XBDSLevel>1.0</XBDSLevel>
    <XCPTLevel>1.0</XCPTLevel>
    <CBRLevel>1.0</CBRLevel>
    <ColorCapability>Color</ColorCapability>
    <MediaTypeTranslation>Office</MediaTypeTranslation>
    <LDAPPhonebook>Available</LDAPPhonebook>
  </capabilities>
  <models>
    <PrinterModel>
      <ModelName>Xerox WorkCentre 7855</ModelName>
      <SysObjectIds>
        <string>1.3.6.1.4.1.253.8.62.1.20.6.27</string>
      </SysObjectIds>
      <USBProductId>42BC</USBProductId>
      <RatedSpeed>55</RatedSpeed>
      <HardwareId>XeroxWorkCentre_78553076</HardwareId>
      <ConditionalModelDesignation>7855</ConditionalModelDesignation>
      <WebLinkModelId>WC78XX</WebLinkModelId>
    </PrinterModel>
    <PrinterModel>
      <ModelName>Xerox WorkCentre 7845</ModelName>
      <SysObjectIds>
        <string>1.3.6.1.4.1.253.8.62.1.20.6.26</string>
      </SysObjectIds>
      <USBProductId>42BB</USBProductId>
      <RatedSpeed>45</RatedSpeed>
      <HardwareId>XeroxWorkCentre_7845A077</HardwareId>
      <ConditionalModelDesignation>7845</ConditionalModelDesignation>
      <WebLinkModelId>WC78XX</WebLinkModelId>
    </PrinterModel>
    <PrinterModel>
      <ModelName>Xerox WorkCentre 7835</ModelName>
      <SysObjectIds>
        <string>1.3.6.1.4.1.253.8.62.1.20.6.25</string>
      </SysObjectIds>
      <USBProductId>42BA</USBProductId>
      <RatedSpeed>35</RatedSpeed>
      <HardwareId>XeroxWorkCentre_78359075</HardwareId>
      <ConditionalModelDesignation>7835</ConditionalModelDesignation>
      <WebLinkModelId>WC78XX</WebLinkModelId>
    </PrinterModel>
    <PrinterModel>
      <ModelName>Xerox WorkCentre 7830</ModelName>
      <SysObjectIds>
        <string>1.3.6.1.4.1.253.8.62.1.20.6.24</string>
      </SysObjectIds>
      <USBProductId>42B9</USBProductId>
      <RatedSpeed>30</RatedSpeed>
      <HardwareId>XeroxWorkCentre_783093B5</HardwareId>
      <ConditionalModelDesignation>7830</ConditionalModelDesignation>
      <WebLinkModelId>WC78XX</WebLinkModelId>
    </PrinterModel>
  </models>
</SharedProductData>
